Label,TRACK_ID,NUMBER_SPOTS,NUMBER_GAPS,LONGEST_GAP,NUMBER_SPLITS,NUMBER_MERGES,NUMBER_COMPLEX,TRACK_DURATION,TRACK_START,TRACK_STOP,TRACK_DISPLACEMENT,TRACK_INDEX,TRACK_X_LOCATION,TRACK_Y_LOCATION,TRACK_Z_LOCATION,TRACK_MEAN_SPEED,TRACK_MAX_SPEED,TRACK_MIN_SPEED,TRACK_MEDIAN_SPEED,TRACK_STD_SPEED,TRACK_MEAN_QUALITY,TRACK_MAX_QUALITY,TRACK_MIN_QUALITY,TRACK_MEDIAN_QUALITY,TRACK_STD_QUALITY
Track_0,0,11,0,0,0,0,0,0.600,0.000,0.600,0.022,0,9.455,7.830,0,0.982,1.747,0.396,1.039,0.428,4.289,5.230,3.068,4.608,0.775
Track_1,1,39,5,1,0,0,0,2.580,0.780,3.360,0.027,1,9.477,7.828,0,0.864,2.106,0.086,0.865,0.430,4.139,6.688,3.031,4.189,0.730
Track_2,2,2,0,0,0,0,0,0.060,1.260,1.320,0.069,2,8.177,11.476,0,1.157,1.157,1.157,1.157,NaN,3.156,3.273,3.040,3.273,0.117
Track_3,3,2,0,0,0,0,0,0.060,1.440,1.500,0.094,3,18.052,12.155,0,1.559,1.559,1.559,1.559,NaN,3.613,3.946,3.280,3.946,0.333
Track_4,4,2,0,0,0,0,0,0.060,1.560,1.620,0.067,4,8.180,11.414,0,1.109,1.109,1.109,1.109,NaN,3.550,3.995,3.106,3.995,0.445
Track_5,5,5,1,1,0,0,0,0.300,1.680,1.980,0.025,5,18.008,12.063,0,0.533,1.048,0.246,0.427,0.353,3.746,5.197,3.172,3.406,0.736
Track_6,6,3,0,0,0,0,0,0.120,2.940,3.060,0.061,6,4.303,13.381,0,0.545,0.596,0.494,0.596,0.072,6.817,8.091,5.419,6.942,1.095
Track_7,7,2,0,0,0,0,0,0.060,4.020,4.080,0.078,7,12.476,6.050,0,1.307,1.307,1.307,1.307,NaN,3.117,3.216,3.018,3.216,0.099
Track_8,8,9,1,1,0,0,0,0.540,15.660,16.200,0.017,8,12.403,0.758,0,0.463,1.039,0.063,0.404,0.340,3.716,4.702,3.021,3.770,0.440
Track_9,9,2,0,0,0,0,0,0.060,4.740,4.800,0.083,9,4.112,14.324,0,1.386,1.386,1.386,1.386,NaN,3.093,3.107,3.079,3.107,0.014
Track_10,10,3,0,0,0,0,0,0.120,6.480,6.600,0.051,10,11.992,8.090,0,0.430,0.443,0.417,0.443,0.018,4.626,5.702,3.989,4.185,0.766
Track_11,11,5,0,0,0,0,0,0.240,16.440,16.680,0.030,11,12.353,0.723,0,0.876,1.378,0.077,1.246,0.586,3.794,4.640,3.014,4.030,0.609
Track_12,12,6,0,0,0,0,0,0.300,16.920,17.220,0.066,12,12.342,0.733,0,0.979,1.362,0.727,0.860,0.252,3.596,4.726,3.022,3.404,0.560
Track_13,13,2,0,0,0,0,0,0.060,6.660,6.720,0.149,13,12.497,1.514,0,2.483,2.483,2.483,2.483,NaN,3.289,3.469,3.109,3.469,0.180
Track_14,14,2,0,0,0,0,0,0.060,3.900,3.960,0.119,14,14.075,2.544,0,1.976,1.976,1.976,1.976,NaN,3.461,3.826,3.097,3.826,0.365
Track_15,15,2,0,0,0,0,0,0.060,17.400,17.460,0.090,15,12.397,0.727,0,1.493,1.493,1.493,1.493,NaN,3.769,3.962,3.576,3.962,0.193
Track_16,16,35,2,1,0,0,0,2.160,17.640,19.800,0.156,16,12.319,0.714,0,0.835,1.653,0.154,0.782,0.367,4.610,6.039,3.447,4.619,0.611
Track_17,17,2,0,0,0,0,0,0.060,21.000,21.060,0.096,17,15.351,6.094,0,1.603,1.603,1.603,1.603,NaN,3.215,3.310,3.119,3.310,0.095
Track_18,18,3,0,0,0,0,0,0.120,21.240,21.360,0.055,18,12.377,9.848,0,1.135,1.319,0.951,1.319,0.260,3.657,4.029,3.292,3.650,0.301
Track_19,19,2,0,0,0,0,0,0.060,21.900,21.960,0.094,19,17.969,13.605,0,1.572,1.572,1.572,1.572,NaN,3.439,3.488,3.389,3.488,0.049
Track_20,20,2,0,0,0,0,0,0.060,28.380,28.440,0.128,20,16.768,13.295,0,2.126,2.126,2.126,2.126,NaN,3.834,3.886,3.782,3.886,0.052
Track_21,21,3,0,0,0,0,0,0.120,24.240,24.360,0.008,21,12.354,9.784,0,1.019,1.050,0.987,1.050,0.044,3.316,3.363,3.251,3.336,0.048
Track_22,22,2,0,0,0,0,0,0.060,28.200,28.260,0.161,22,16.586,5.484,0,2.678,2.678,2.678,2.678,NaN,3.452,3.749,3.155,3.749,0.297
Track_23,23,2,0,0,0,0,0,0.060,28.200,28.260,0.029,23,16.838,13.302,0,0.482,0.482,0.482,0.482,NaN,4.002,4.506,3.498,4.506,0.504
Track_24,24,4,0,0,0,0,0,0.180,28.800,28.980,0.039,24,16.840,13.302,0,1.462,1.595,1.347,1.446,0.125,3.761,3.926,3.524,3.904,0.165
Track_25,25,2,0,0,0,0,0,0.060,29.520,29.580,0.095,25,13.855,6.895,0,1.585,1.585,1.585,1.585,NaN,3.579,3.784,3.374,3.784,0.205
Track_26,26,2,0,0,0,0,0,0.060,29.460,29.520,0.082,26,16.769,13.305,0,1.365,1.365,1.365,1.365,NaN,3.686,4.086,3.286,4.086,0.400
Track_27,27,2,0,0,0,0,0,0.060,29.220,29.280,0.020,27,16.834,13.294,0,0.326,0.326,0.326,0.326,NaN,3.291,3.343,3.238,3.343,0.052
Track_28,28,2,0,0,0,0,0,0.060,21.540,21.600,0.169,28,12.339,9.768,0,2.823,2.823,2.823,2.823,NaN,3.411,3.763,3.059,3.763,0.352
Track_29,29,2,0,0,0,0,0,0.060,30.540,30.600,0.050,29,16.825,13.300,0,0.828,0.828,0.828,0.828,NaN,3.753,3.834,3.672,3.834,0.081
Track_30,30,2,0,0,0,0,0,0.060,29.820,29.880,0.069,30,16.835,13.365,0,1.153,1.153,1.153,1.153,NaN,3.305,3.517,3.093,3.517,0.212
Track_31,31,3,0,0,0,0,0,0.120,30.060,30.180,0.044,31,16.781,13.321,0,0.829,1.094,0.564,1.094,0.375,4.116,4.395,3.711,4.244,0.294
Track_32,32,2,0,0,0,0,0,0.060,1.920,1.980,0.057,32,8.302,11.455,0,0.951,0.951,0.951,0.951,NaN,3.355,3.607,3.104,3.607,0.252
Track_33,33,5,0,0,0,0,0,0.240,31.080,31.320,0.063,33,16.789,13.250,0,1.629,1.833,1.525,1.624,0.144,3.729,4.445,3.433,3.490,0.386
Track_34,34,2,0,0,0,0,0,0.060,31.560,31.620,0.081,34,13.903,6.869,0,1.356,1.356,1.356,1.356,NaN,3.247,3.329,3.164,3.329,0.083
Track_35,35,2,0,0,0,0,0,0.060,29.760,29.820,0.105,35,13.903,6.803,0,1.749,1.749,1.749,1.749,NaN,3.436,3.777,3.095,3.777,0.341
Track_36,36,3,0,0,0,0,0,0.120,31.920,32.040,0.133,36,16.826,13.335,0,1.463,2.256,0.670,2.256,1.122,3.556,3.888,3.059,3.721,0.358
Track_37,37,2,0,0,0,0,0,0.060,31.620,31.680,0.063,37,16.851,13.222,0,1.055,1.055,1.055,1.055,NaN,3.559,3.569,3.550,3.569,0.009
Track_38,38,4,1,1,0,0,0,0.240,32.880,33.120,0.131,38,16.791,13.306,0,1.606,2.680,0.852,1.288,0.955,3.333,3.499,3.220,3.382,0.115
Track_39,39,2,0,0,0,0,0,0.060,33.900,33.960,0.060,39,16.804,13.282,0,0.996,0.996,0.996,0.996,NaN,3.374,3.667,3.081,3.667,0.293
Track_40,40,2,0,0,0,0,0,0.060,38.520,38.580,0.096,40,13.088,8.166,0,1.593,1.593,1.593,1.593,NaN,3.573,3.743,3.403,3.743,0.170
Track_41,41,3,0,0,0,0,0,0.120,38.880,39.000,0.119,41,13.061,8.133,0,0.996,1.023,0.969,1.023,0.038,3.277,3.296,3.248,3.287,0.021
Track_42,42,4,0,0,0,0,0,0.180,39.180,39.360,0.056,42,13.043,8.121,0,0.864,1.534,0.168,0.891,0.683,4.318,6.142,3.481,4.041,1.073
Track_43,43,2,0,0,0,0,0,0.060,39.540,39.600,0.067,43,13.032,8.074,0,1.124,1.124,1.124,1.124,NaN,3.495,3.634,3.356,3.634,0.139
Track_44,44,2,0,0,0,0,0,0.060,39.900,39.960,0.071,44,19.260,9.159,0,1.187,1.187,1.187,1.187,NaN,3.609,4.013,3.205,4.013,0.404
Track_45,45,2,0,0,0,0,0,0.060,42.240,42.300,0.099,45,13.792,10.904,0,1.644,1.644,1.644,1.644,NaN,3.060,3.063,3.057,3.063,0.003
Track_46,46,2,0,0,0,0,0,0.060,38.280,38.340,0.049,46,13.091,8.178,0,0.825,0.825,0.825,0.825,NaN,3.256,3.502,3.010,3.502,0.246
Track_47,47,2,0,0,0,0,0,0.060,36.720,36.780,0.154,47,16.792,13.175,0,2.573,2.573,2.573,2.573,NaN,3.452,3.538,3.367,3.538,0.085
Track_48,48,2,0,0,0,0,0,0.060,45.360,45.420,0.108,48,16.767,13.255,0,1.803,1.803,1.803,1.803,NaN,3.186,3.344,3.028,3.344,0.158
Track_49,49,2,0,0,0,0,0,0.060,45.180,45.240,0.070,49,16.762,13.198,0,1.171,1.171,1.171,1.171,NaN,3.850,4.040,3.661,4.040,0.189
Track_50,50,12,1,1,0,0,0,0.720,46.260,46.980,0.011,50,13.717,8.120,0,1.144,1.899,0.578,1.082,0.368,4.141,7.189,3.191,3.651,1.151
Track_51,51,2,0,0,0,0,0,0.060,45.000,45.060,0.131,51,16.742,13.126,0,2.179,2.179,2.179,2.179,NaN,3.341,3.623,3.058,3.623,0.282
Track_52,52,2,0,0,0,0,0,0.060,47.160,47.220,0.103,52,16.782,13.173,0,1.712,1.712,1.712,1.712,NaN,3.679,3.681,3.676,3.681,0.002
Track_53,53,5,1,1,0,0,0,0.300,47.220,47.520,0.082,53,13.676,8.134,0,0.417,0.673,0.187,0.516,0.219,3.477,3.886,3.170,3.501,0.274
Track_54,54,2,0,0,0,0,0,0.060,37.080,37.140,0.019,54,13.131,8.174,0,0.316,0.316,0.316,0.316,NaN,4.445,4.672,4.218,4.672,0.227
Track_55,55,8,0,0,0,0,0,0.420,47.760,48.180,0.092,55,13.716,8.145,0,1.158,2.440,0.156,1.129,0.788,3.951,4.601,3.200,4.186,0.529
Track_56,56,2,0,0,0,0,0,0.060,46.620,46.680,0.108,56,16.798,13.172,0,1.798,1.798,1.798,1.798,NaN,3.336,3.354,3.317,3.354,0.019
Track_57,57,5,0,0,0,0,0,0.240,48.540,48.780,0.069,57,13.666,8.186,0,1.318,1.575,1.070,1.485,0.250,3.662,3.913,3.335,3.621,0.217
Track_58,58,5,0,0,0,0,0,0.240,48.840,49.080,0.069,58,11.929,2.433,0,0.617,0.914,0.290,0.779,0.282,4.654,6.212,3.864,4.082,0.916
Track_59,59,2,0,0,0,0,0,0.060,48.480,48.540,0.188,59,16.746,13.200,0,3.141,3.141,3.141,3.141,NaN,3.369,3.381,3.357,3.381,0.012
Track_60,60,40,1,1,0,0,0,2.400,49.020,51.420,0.036,60,13.716,8.120,0,0.851,2.249,0.082,0.836,0.461,4.781,6.915,3.542,4.737,0.850
Track_61,61,3,0,0,0,0,0,0.120,49.140,49.260,0.147,61,19.297,9.157,0,1.271,2.261,0.280,2.261,1.401,3.325,3.452,3.103,3.421,0.158
Track_62,62,4,0,0,0,0,0,0.180,49.800,49.980,0.045,62,16.780,13.203,0,1.628,2.375,0.700,1.808,0.852,3.291,3.419,3.163,3.316,0.092
Track_63,63,2,0,0,0,0,0,0.060,50.760,50.820,0.050,63,16.817,13.131,0,0.830,0.830,0.830,0.830,NaN,3.142,3.158,3.126,3.158,0.016
Track_64,64,3,0,0,0,0,0,0.120,51.120,51.240,0.091,64,11.912,2.433,0,0.785,1.036,0.533,1.036,0.356,3.193,3.318,3.048,3.212,0.111
Track_65,65,4,0,0,0,0,0,0.180,51.360,51.540,0.051,65,11.945,2.418,0,1.327,1.680,1.104,1.196,0.310,3.453,3.855,3.130,3.642,0.305
Track_66,66,18,0,0,0,0,0,1.020,51.600,52.620,0.050,66,13.721,8.118,0,1.062,1.513,0.387,1.132,0.328,4.579,6.668,3.352,4.334,0.842
Track_67,67,3,0,0,0,0,0,0.120,52.080,52.200,0.142,67,11.921,2.457,0,1.922,2.224,1.619,2.224,0.427,3.254,3.501,3.129,3.132,0.175
Track_68,68,20,1,1,0,0,0,1.200,52.320,53.520,0.068,68,14.028,4.543,0,1.273,3.112,0.067,1.247,0.774,4.233,6.276,3.099,4.121,0.807
Track_69,69,2,0,0,0,0,0,0.060,52.320,52.380,0.031,69,11.974,2.420,0,0.511,0.511,0.511,0.511,NaN,4.490,5.796,3.185,5.796,1.305
Track_70,70,12,3,1,0,0,0,0.840,52.920,53.760,0.074,70,11.943,2.428,0,1.245,2.771,0.413,0.822,0.797,4.670,8.486,3.044,3.946,1.793
Track_71,71,6,0,0,0,0,0,0.300,52.980,53.280,0.019,71,13.737,8.104,0,1.562,2.299,0.272,2.008,0.901,4.606,5.787,3.589,4.956,0.851
Track_72,72,2,0,0,0,0,0,0.060,53.220,53.280,0.158,72,19.274,9.116,0,2.639,2.639,2.639,2.639,NaN,3.087,3.159,3.015,3.159,0.072
Track_73,73,9,0,0,0,0,0,0.480,53.580,54.060,0.228,73,14.044,4.557,0,2.177,3.147,0.501,2.543,0.875,4.383,5.678,3.093,4.532,0.862
Track_74,74,27,2,1,0,0,0,1.680,53.580,55.260,0.046,74,13.722,8.093,0,0.744,2.007,0.116,0.684,0.523,4.416,6.618,3.062,4.313,0.773
Track_75,75,2,0,0,0,0,0,0.060,54.000,54.060,0.086,75,14.580,6.635,0,1.434,1.434,1.434,1.434,NaN,3.134,3.189,3.080,3.189,0.055
Track_76,76,2,0,0,0,0,0,0.060,53.640,53.700,0.097,76,15.825,5.992,0,1.615,1.615,1.615,1.615,NaN,3.290,3.353,3.227,3.353,0.063
Track_77,77,9,1,1,0,0,0,0.540,54.240,54.780,0.111,77,14.022,4.488,0,1.023,1.918,0.363,0.875,0.584,4.255,5.604,3.179,4.301,0.777
Track_78,78,2,0,0,0,0,0,0.060,54.420,54.480,0.058,78,11.939,2.410,0,0.969,0.969,0.969,0.969,NaN,3.640,4.071,3.210,4.071,0.430
Track_79,79,3,0,0,0,0,0,0.120,54.720,54.840,0.097,79,13.012,8.072,0,1.281,2.089,0.474,2.089,1.142,3.691,3.925,3.329,3.820,0.260
Track_80,80,2,0,0,0,0,0,0.060,54.840,54.900,0.070,80,11.915,2.429,0,1.164,1.164,1.164,1.164,NaN,4.818,5.563,4.073,5.563,0.745
Track_81,81,3,0,0,0,0,0,0.120,54.960,55.080,0.077,81,16.763,13.100,0,1.028,1.092,0.963,1.092,0.091,3.361,3.490,3.280,3.313,0.092
Track_82,82,2,0,0,0,0,0,0.060,52.380,52.440,0.038,82,16.797,13.171,0,0.639,0.639,0.639,0.639,NaN,3.773,3.927,3.619,3.927,0.154
Track_83,83,4,0,0,0,0,0,0.180,55.380,55.560,0.033,83,11.973,2.434,0,0.741,1.089,0.519,0.615,0.305,3.514,3.932,3.024,3.616,0.326
Track_84,84,12,2,1,0,0,0,0.780,55.500,56.280,0.056,84,14.020,4.492,0,1.585,3.167,0.119,1.628,0.930,3.943,5.052,3.203,3.799,0.570
Track_85,85,32,1,1,0,0,0,1.920,55.440,57.360,0.090,85,13.719,8.095,0,1.021,2.283,0.073,1.044,0.532,5.066,6.736,3.219,5.117,0.893
Track_86,86,2,0,0,0,0,0,0.060,55.380,55.440,0.171,86,13.036,8.088,0,2.850,2.850,2.850,2.850,NaN,3.440,3.744,3.137,3.744,0.304
Track_87,87,2,0,0,0,0,0,0.060,55.860,55.920,0.094,87,16.824,13.107,0,1.565,1.565,1.565,1.565,NaN,3.502,3.794,3.211,3.794,0.292
Track_88,88,2,0,0,0,0,0,0.060,55.860,55.920,0.044,88,11.955,2.437,0,0.739,0.739,0.739,0.739,NaN,3.795,4.268,3.323,4.268,0.472
Track_89,89,32,0,0,0,0,0,1.860,56.280,58.140,0.070,89,11.961,2.452,0,0.789,1.487,0.137,0.716,0.391,5.759,7.500,3.177,5.919,1.002
Track_90,90,8,1,1,0,0,0,0.480,56.520,57.000,0.045,90,19.279,9.105,0,0.392,0.627,0.121,0.393,0.200,4.617,5.870,3.508,4.988,0.812
Track_91,91,2,0,0,0,0,0,0.060,57.300,57.360,0.040,91,19.291,9.091,0,0.666,0.666,0.666,0.666,NaN,4.094,4.654,3.535,4.654,0.560
Track_92,92,4,0,0,0,0,0,0.180,57.540,57.720,0.038,92,14.021,4.491,0,0.794,1.010,0.406,0.965,0.336,3.998,4.738,3.116,4.116,0.579
Track_93,93,4,0,0,0,0,0,0.180,57.780,57.960,0.116,93,19.283,9.077,0,1.962,2.529,1.559,1.798,0.505,3.826,5.406,3.200,3.413,0.916
Track_94,94,2,0,0,0,0,0,0.060,54.180,54.240,0.062,94,16.792,13.149,0,1.034,1.034,1.034,1.034,NaN,3.679,4.182,3.177,4.182,0.502
Track_95,95,2,0,0,0,0,0,0.060,54.180,54.240,0.054,95,11.910,2.419,0,0.897,0.897,0.897,0.897,NaN,4.877,6.119,3.635,6.119,1.242
Track_96,96,2,0,0,0,0,0,0.060,56.220,56.280,0.098,96,13.041,8.080,0,1.628,1.628,1.628,1.628,NaN,3.568,3.684,3.452,3.684,0.116
Track_97,97,2,0,0,0,0,0,0.060,58.920,58.980,0.055,97,19.310,9.051,0,0.913,0.913,0.913,0.913,NaN,3.741,4.070,3.411,4.070,0.330
Track_98,98,4,1,1,0,0,0,0.240,59.100,59.340,0.028,98,9.454,7.691,0,0.669,1.018,0.450,0.539,0.306,4.131,4.511,3.362,4.452,0.459
Track_99,99,4,1,1,0,0,0,0.240,59.460,59.700,0.046,99,19.326,9.107,0,1.330,1.778,0.865,1.347,0.456,4.897,5.148,4.520,4.963,0.231
Track_100,100,2,0,0,0,0,0,0.060,59.520,59.580,0.050,100,11.963,2.399,0,0.834,0.834,0.834,0.834,NaN,3.618,3.898,3.337,3.898,0.281
Track_101,101,5,0,0,0,0,0,0.240,59.640,59.880,0.030,101,9.445,7.687,0,0.995,1.930,0.083,0.995,0.754,3.644,4.306,3.083,3.665,0.440
Track_102,102,2,0,0,0,0,0,0.060,59.760,59.820,0.034,102,15.446,6.756,0,0.573,0.573,0.573,0.573,NaN,3.117,3.183,3.052,3.183,0.066
Track_103,103,2,0,0,0,0,0,0.060,60.000,60.060,0.033,103,14.016,4.449,0,0.555,0.555,0.555,0.555,NaN,3.207,3.301,3.113,3.301,0.094
Track_104,104,2,0,0,0,0,0,0.060,58.500,58.560,0.048,104,19.318,9.078,0,0.804,0.804,0.804,0.804,NaN,3.662,3.712,3.612,3.712,0.050
Track_105,105,3,0,0,0,0,0,0.120,60.120,60.240,0.058,105,16.800,13.238,0,0.677,0.868,0.487,0.868,0.269,3.349,3.827,3.080,3.139,0.339
Track_106,106,2,0,0,0,0,0,0.060,58.620,58.680,0.051,106,16.201,4.594,0,0.843,0.843,0.843,0.843,NaN,3.467,3.596,3.337,3.596,0.130
Track_107,107,5,0,0,0,0,0,0.240,60.960,61.200,0.034,107,19.308,9.112,0,0.652,0.994,0.319,0.889,0.339,3.764,4.179,3.019,4.053,0.458
Track_108,108,2,0,0,0,0,0,0.060,61.140,61.200,0.139,108,16.790,13.154,0,2.324,2.324,2.324,2.324,NaN,3.148,3.288,3.007,3.288,0.141
Track_109,109,5,0,0,0,0,0,0.240,62.100,62.340,0.147,109,14.102,4.492,0,1.528,2.226,0.316,1.847,0.836,3.472,3.953,3.067,3.318,0.363
Track_110,110,2,0,0,0,0,0,0.060,62.820,62.880,0.138,110,14.079,4.447,0,2.293,2.293,2.293,2.293,NaN,3.531,3.790,3.273,3.790,0.259
Track_111,111,16,1,1,0,0,0,0.960,63.060,64.020,0.105,111,14.019,4.494,0,0.812,1.660,0.076,0.567,0.524,5.128,7.188,3.137,5.212,1.201
Track_112,112,3,0,0,0,0,0,0.120,63.300,63.420,0.062,112,16.264,9.943,0,0.986,1.341,0.631,1.341,0.502,3.201,3.324,3.034,3.247,0.123
Track_113,113,4,0,0,0,0,0,0.180,63.480,63.660,0.022,113,16.778,13.068,0,1.192,1.650,0.728,1.200,0.461,3.278,3.765,3.095,3.136,0.282
Track_114,114,2,0,0,0,0,0,0.060,63.840,63.900,0.093,114,16.799,13.060,0,1.554,1.554,1.554,1.554,NaN,3.189,3.238,3.141,3.238,0.049
Track_115,115,2,0,0,0,0,0,0.060,64.200,64.260,0.041,115,16.805,13.104,0,0.688,0.688,0.688,0.688,NaN,3.791,4.245,3.337,4.245,0.454
Track_116,116,4,0,0,0,0,0,0.180,64.560,64.740,0.103,116,16.778,13.093,0,1.414,1.572,1.107,1.562,0.265,3.923,4.604,3.281,4.183,0.508
Track_117,117,2,0,0,0,0,0,0.060,60.660,60.720,0.032,117,19.314,9.110,0,0.533,0.533,0.533,0.533,NaN,3.871,4.349,3.393,4.349,0.478
Track_118,118,2,0,0,0,0,0,0.060,64.800,64.860,0.133,118,14.050,4.441,0,2.224,2.224,2.224,2.224,NaN,4.255,4.322,4.189,4.322,0.067
Track_119,119,27,1,1,0,0,0,1.620,64.920,66.540,0.145,119,14.009,4.488,0,1.116,2.368,0.118,1.024,0.706,4.229,5.698,3.151,4.192,0.741
Track_120,120,5,0,0,0,0,0,0.240,64.980,65.220,0.109,120,16.802,13.112,0,1.653,2.323,0.124,2.273,1.038,3.489,3.842,3.096,3.484,0.238
Track_121,121,2,0,0,0,0,0,0.060,60.060,60.120,0.064,121,19.346,9.087,0,1.071,1.071,1.071,1.071,NaN,4.164,4.453,3.875,4.453,0.289
Track_122,122,4,1,1,0,0,0,0.240,65.460,65.700,0.138,122,16.814,13.077,0,1.293,1.679,0.676,1.525,0.540,3.816,4.225,3.080,4.022,0.438
Track_123,123,15,1,1,0,0,0,0.900,65.940,66.840,0.110,123,16.829,13.090,0,1.290,2.463,0.449,1.355,0.522,3.548,4.537,3.132,3.371,0.434
Track_124,124,2,0,0,0,0,0,0.060,66.120,66.180,0.039,124,9.459,7.656,0,0.652,0.652,0.652,0.652,NaN,4.402,4.659,4.145,4.659,0.257
Track_125,125,3,0,0,0,0,0,0.120,66.360,66.480,0.052,125,9.442,7.689,0,0.676,0.958,0.393,0.958,0.399,3.562,4.133,3.093,3.458,0.431
Track_126,126,2,0,0,0,0,0,0.060,64.140,64.200,0.178,126,15.728,6.704,0,2.959,2.959,2.959,2.959,NaN,3.770,3.914,3.626,3.914,0.144
Track_127,127,2,0,0,0,0,0,0.060,66.720,66.780,0.040,127,3.929,15.122,0,0.671,0.671,0.671,0.671,NaN,3.113,3.198,3.027,3.198,0.086
Track_128,128,2,0,0,0,0,0,0.060,66.840,66.900,0.096,128,14.075,4.517,0,1.598,1.598,1.598,1.598,NaN,3.272,3.401,3.143,3.401,0.129
Track_129,129,2,0,0,0,0,0,0.060,66.960,67.020,0.048,129,3.998,15.147,0,0.799,0.799,0.799,0.799,NaN,3.906,4.667,3.144,4.667,0.761
Track_130,130,7,0,0,0,0,0,0.360,67.080,67.440,0.013,130,14.069,4.553,0,0.728,1.069,0.274,0.779,0.275,6.407,7.352,5.923,6.286,0.459
Track_131,131,6,1,1,0,0,0,0.360,67.320,67.680,0.085,131,3.965,15.118,0,1.301,2.045,0.670,1.161,0.659,3.426,4.414,3.152,3.268,0.444
Track_132,132,3,0,0,0,0,0,0.120,67.560,67.680,0.070,132,9.467,7.660,0,0.668,1.236,0.099,1.236,0.804,4.784,6.942,3.095,4.316,1.605
Track_133,133,3,0,0,0,0,0,0.120,67.620,67.740,0.115,133,16.779,13.107,0,1.173,1.992,0.353,1.992,1.159,3.534,3.768,3.261,3.574,0.209
Track_134,134,3,0,0,0,0,0,0.120,67.740,67.860,0.023,134,14.047,4.435,0,2.893,3.066,2.719,3.066,0.245,3.762,4.878,3.155,3.252,0.791
Track_135,135,2,0,0,0,0,0,0.060,67.320,67.380,0.103,135,16.858,13.090,0,1.716,1.716,1.716,1.716,NaN,4.276,4.784,3.768,4.784,0.508
Track_136,136,6,0,0,0,0,0,0.300,68.460,68.760,0.077,136,14.053,4.471,0,1.122,1.662,0.533,1.092,0.483,3.475,4.469,3.051,3.274,0.476
Track_137,137,2,0,0,0,0,0,0.060,64.620,64.680,0.149,137,14.000,4.513,0,2.490,2.490,2.490,2.490,NaN,4.331,5.067,3.594,5.067,0.736
Track_138,138,9,1,1,0,0,0,0.540,68.940,69.480,0.100,138,14.098,4.474,0,0.937,1.367,0.351,1.101,0.369,4.434,7.273,3.063,4.328,1.350
Track_139,139,62,1,1,0,0,0,3.720,69.240,72.960,0.045,139,9.512,7.715,0,0.964,3.297,0.179,0.910,0.500,4.424,6.469,3.085,4.366,0.706
Track_140,140,2,0,0,0,0,0,0.060,67.980,68.040,0.110,140,16.806,13.083,0,1.836,1.836,1.836,1.836,NaN,3.216,3.428,3.003,3.428,0.213
Track_141,141,2,0,0,0,0,0,0.060,69.600,69.660,0.143,141,4.006,15.091,0,2.382,2.382,2.382,2.382,NaN,3.526,3.645,3.408,3.645,0.118
Track_142,142,2,0,0,0,0,0,0.060,69.780,69.840,0.044,142,4.034,15.119,0,0.739,0.739,0.739,0.739,NaN,3.478,3.819,3.137,3.819,0.341
Track_143,143,2,0,0,0,0,0,0.060,70.080,70.140,0.057,143,14.154,4.535,0,0.945,0.945,0.945,0.945,NaN,4.118,4.555,3.682,4.555,0.437
Track_144,144,2,0,0,0,0,0,0.060,70.800,70.860,0.054,144,16.854,13.177,0,0.897,0.897,0.897,0.897,NaN,3.708,4.304,3.112,4.304,0.596
Track_145,145,2,0,0,0,0,0,0.060,72.300,72.360,0.029,145,4.015,15.107,0,0.477,0.477,0.477,0.477,NaN,3.204,3.300,3.109,3.300,0.096
Track_146,146,2,0,0,0,0,0,0.060,72.540,72.600,0.086,146,4.032,15.097,0,1.439,1.439,1.439,1.439,NaN,3.616,3.836,3.395,3.836,0.220
Track_147,147,14,2,1,0,0,0,0.900,72.960,73.860,0.047,147,3.998,15.112,0,0.992,2.385,0.256,1.029,0.617,3.539,4.327,3.047,3.518,0.426
Track_148,148,2,0,0,0,0,0,0.060,68.460,68.520,0.042,148,12.018,2.399,0,0.707,0.707,0.707,0.707,NaN,4.477,5.926,3.028,5.926,1.449
Track_149,149,7,1,1,0,0,0,0.420,74.940,75.360,0.034,149,3.972,15.112,0,0.982,1.457,0.415,1.159,0.403,3.659,5.047,3.045,3.483,0.652
Track_150,150,7,0,0,0,0,0,0.360,75.480,75.840,0.064,150,3.986,15.134,0,1.630,2.886,0.915,1.668,0.853,3.893,4.955,3.276,3.738,0.618
Track_151,151,5,0,0,0,0,0,0.240,76.320,76.560,0.041,151,16.505,10.113,0,0.511,1.043,0.267,0.378,0.358,5.300,7.186,4.152,5.161,1.066
Track_152,152,4,0,0,0,0,0,0.180,76.860,77.040,0.019,152,3.954,15.090,0,1.603,2.359,1.039,1.411,0.681,3.316,3.698,3.003,3.367,0.256
Track_153,153,9,2,1,0,0,0,0.600,77.460,78.060,0.088,153,3.977,15.128,0,0.779,1.871,0.153,0.868,0.609,3.880,4.818,3.145,3.720,0.476
Track_154,154,11,0,0,0,0,0,0.600,78.360,78.960,0.059,154,3.976,15.124,0,1.074,2.302,0.149,1.217,0.726,4.103,5.385,3.124,4.013,0.661
Track_155,155,2,0,0,0,0,0,0.060,75.600,75.660,0.020,155,19.312,9.064,0,0.329,0.329,0.329,0.329,NaN,3.619,4.009,3.229,4.009,0.390
Track_156,156,11,1,1,0,0,0,0.660,80.040,80.700,0.080,156,3.997,15.126,0,1.081,2.594,0.188,1.062,0.712,3.549,4.684,3.054,3.453,0.460
Track_157,157,2,0,0,0,0,0,0.060,79.440,79.500,0.047,157,12.613,9.713,0,0.775,0.775,0.775,0.775,NaN,4.176,4.968,3.384,4.968,0.792
Track_158,158,4,0,0,0,0,0,0.180,81.240,81.420,0.081,158,16.499,10.148,0,0.593,0.707,0.430,0.643,0.145,3.505,3.843,3.170,3.604,0.249
Track_159,159,2,0,0,0,0,0,0.060,81.360,81.420,0.065,159,3.973,15.159,0,1.078,1.078,1.078,1.078,NaN,3.411,3.650,3.171,3.650,0.240
Track_160,160,4,0,0,0,0,0,0.180,82.560,82.740,0.039,160,3.992,15.127,0,1.678,2.119,1.137,1.779,0.499,3.486,3.844,3.123,3.561,0.260
Track_161,161,2,0,0,0,0,0,0.060,81.660,81.720,0.079,161,3.975,15.151,0,1.319,1.319,1.319,1.319,NaN,4.165,4.282,4.047,4.282,0.117
Track_162,162,8,0,0,0,0,0,0.420,83.460,83.880,0.070,162,3.993,15.131,0,1.405,2.636,0.472,1.354,0.808,3.446,3.981,3.073,3.464,0.272
Track_163,163,4,0,0,0,0,0,0.180,82.080,82.260,0.047,163,4.008,15.131,0,0.923,1.023,0.745,1.000,0.154,3.739,3.990,3.381,3.841,0.225
Track_164,164,2,0,0,0,0,0,0.060,84.540,84.600,0.067,164,16.528,10.114,0,1.111,1.111,1.111,1.111,NaN,3.958,3.978,3.938,3.978,0.020
Track_165,165,6,1,1,0,0,0,0.360,84.420,84.780,0.057,165,3.989,15.119,0,1.356,1.763,0.585,1.588,0.496,3.727,4.193,3.041,3.890,0.436
Track_166,166,3,0,0,0,0,0,0.120,84.840,84.960,0.038,166,16.509,10.112,0,1.032,1.202,0.862,1.202,0.240,3.427,3.885,3.124,3.273,0.329
Track_167,167,7,0,0,0,0,0,0.360,84.960,85.320,0.059,167,3.977,15.136,0,0.590,0.858,0.277,0.757,0.240,3.720,4.784,3.162,3.426,0.644
Track_168,168,3,0,0,0,0,0,0.120,85.800,85.920,0.019,168,13.654,9.306,0,0.923,1.051,0.795,1.051,0.181,4.111,5.067,3.412,3.853,0.700
Track_169,169,2,0,0,0,0,0,0.060,85.620,85.680,0.053,169,4.022,15.144,0,0.887,0.887,0.887,0.887,NaN,3.315,3.599,3.031,3.599,0.284
Track_170,170,3,0,0,0,0,0,0.120,86.100,86.220,0.051,170,3.992,15.161,0,1.283,1.698,0.869,1.698,0.586,3.818,4.005,3.554,3.894,0.192
Track_171,171,2,0,0,0,0,0,0.060,86.220,86.280,0.101,171,13.638,9.306,0,1.684,1.684,1.684,1.684,NaN,4.007,4.095,3.919,4.095,0.088
Track_172,172,12,2,1,0,0,0,0.780,86.700,87.480,0.157,172,3.971,15.147,0,0.922,2.122,0.111,0.866,0.619,3.554,4.108,3.172,3.432,0.364
Track_173,173,4,0,0,0,0,0,0.180,87.060,87.240,0.101,173,13.648,9.300,0,0.568,0.791,0.236,0.678,0.293,4.958,6.033,3.988,4.945,0.726
Track_174,174,13,1,1,0,0,0,0.780,87.420,88.200,0.055,174,13.635,9.318,0,0.600,1.327,0.305,0.521,0.285,4.380,6.151,3.073,4.523,0.926
Track_175,175,5,0,0,0,0,0,0.240,87.660,87.900,0.004,175,3.980,15.154,0,1.346,2.631,0.274,2.022,1.162,4.038,4.689,3.227,4.148,0.507
Track_176,176,6,0,0,0,0,0,0.300,90.240,90.540,0.076,176,13.617,9.348,0,1.007,1.498,0.631,0.980,0.312,4.672,6.115,4.159,4.445,0.672
Track_177,177,6,0,0,0,0,0,0.300,90.480,90.780,0.162,177,12.919,8.193,0,1.134,1.693,0.604,1.043,0.433,3.960,5.032,3.001,4.071,0.613
Track_178,178,4,0,0,0,0,0,0.180,88.920,89.100,0.093,178,12.394,1.904,0,1.581,1.608,1.535,1.601,0.040,3.475,3.954,3.055,3.485,0.320
Track_179,179,2,0,0,0,0,0,0.060,94.440,94.500,0.053,179,12.341,1.920,0,0.876,0.876,0.876,0.876,NaN,3.594,3.950,3.238,3.950,0.356
Track_180,180,2,0,0,0,0,0,0.060,95.100,95.160,0.057,180,16.435,10.094,0,0.955,0.955,0.955,0.955,NaN,3.788,4.332,3.243,4.332,0.544
Track_181,181,2,0,0,0,0,0,0.060,90.660,90.720,0.026,181,2.258,9.858,0,0.442,0.442,0.442,0.442,NaN,3.076,3.145,3.007,3.145,0.069
Track_182,182,2,0,0,0,0,0,0.060,97.800,97.860,0.067,182,16.438,10.120,0,1.124,1.124,1.124,1.124,NaN,3.536,3.591,3.482,3.591,0.054
Track_183,183,2,0,0,0,0,0,0.060,98.400,98.460,0.073,183,12.379,1.881,0,1.218,1.218,1.218,1.218,NaN,3.699,4.044,3.355,4.044,0.344
Track_184,184,3,0,0,0,0,0,0.120,105.900,106.020,0.031,184,12.295,1.918,0,1.265,1.424,1.106,1.424,0.224,3.558,4.215,3.163,3.295,0.468
Track_185,185,3,0,0,0,0,0,0.120,106.800,106.920,0.033,185,16.139,9.979,0,0.423,0.486,0.360,0.486,0.089,3.496,4.361,3.053,3.074,0.611
Track_186,186,4,0,0,0,0,0,0.180,107.100,107.280,0.013,186,12.332,1.905,0,0.691,0.925,0.536,0.613,0.206,3.444,4.374,3.015,3.324,0.550
Track_187,187,2,0,0,0,0,0,0.060,111.180,111.240,0.073,187,11.072,7.596,0,1.213,1.213,1.213,1.213,NaN,3.409,3.761,3.058,3.761,0.351
Track_188,188,2,0,0,0,0,0,0.060,117.900,117.960,0.142,188,19.073,19.068,0,2.372,2.372,2.372,2.372,NaN,3.026,3.051,3.001,3.051,0.025
Track_189,189,2,0,0,0,0,0,0.060,118.140,118.200,0.056,189,18.161,6.383,0,0.940,0.940,0.940,0.940,NaN,3.640,3.857,3.423,3.857,0.217
Track_190,190,2,0,0,0,0,0,0.060,118.020,118.080,0.140,190,16.030,9.982,0,2.331,2.331,2.331,2.331,NaN,3.042,3.044,3.040,3.044,0.002
Track_191,191,2,0,0,0,0,0,0.060,119.640,119.700,0.023,191,16.073,9.910,0,0.384,0.384,0.384,0.384,NaN,3.722,3.732,3.711,3.732,0.011
Track_192,192,8,0,0,0,0,0,0.420,121.740,122.160,0.102,192,18.200,6.351,0,0.630,0.784,0.381,0.678,0.138,4.074,5.239,3.311,4.279,0.661
Track_193,193,2,0,0,0,0,0,0.060,122.640,122.700,0.081,193,13.170,9.658,0,1.353,1.353,1.353,1.353,NaN,3.725,4.379,3.072,4.379,0.654
Track_194,194,2,0,0,0,0,0,0.060,123.600,123.660,0.063,194,11.137,7.602,0,1.055,1.055,1.055,1.055,NaN,3.492,3.497,3.488,3.497,0.004
Track_195,195,2,0,0,0,0,0,0.060,124.800,124.860,0.093,195,7.104,10.962,0,1.557,1.557,1.557,1.557,NaN,3.872,4.034,3.710,4.034,0.162
Track_196,196,3,0,0,0,0,0,0.120,125.100,125.220,0.081,196,11.120,7.598,0,2.879,3.261,2.498,3.261,0.539,3.225,3.324,3.153,3.196,0.073
Track_197,197,2,0,0,0,0,0,0.060,125.400,125.460,0.132,197,13.108,9.631,0,2.193,2.193,2.193,2.193,NaN,3.268,3.339,3.197,3.339,0.071
Track_198,198,2,0,0,0,0,0,0.060,125.460,125.520,0.111,198,11.114,7.643,0,1.843,1.843,1.843,1.843,NaN,3.251,3.389,3.114,3.389,0.137
Track_199,199,4,0,0,0,0,0,0.180,125.700,125.880,0.124,199,13.128,9.627,0,0.898,1.572,0.482,0.641,0.589,3.418,3.597,3.211,3.508,0.147
Track_200,200,2,0,0,0,0,0,0.060,94.920,94.980,0.031,200,12.350,1.916,0,0.510,0.510,0.510,0.510,NaN,3.654,4.065,3.243,4.065,0.411
Track_201,201,3,0,0,0,0,0,0.120,126.300,126.420,0.074,201,13.143,9.611,0,0.627,0.667,0.588,0.667,0.056,3.992,4.261,3.741,3.976,0.212
Track_202,202,6,0,0,0,0,0,0.300,126.420,126.720,0.044,202,13.012,1.714,0,0.543,0.942,0.239,0.472,0.272,4.369,5.381,3.733,4.356,0.613
Track_203,203,4,1,1,0,0,0,0.240,126.600,126.840,0.040,203,16.137,9.964,0,1.248,1.873,0.811,1.062,0.555,3.750,4.162,3.113,3.980,0.396
Track_204,204,2,0,0,0,0,0,0.060,126.900,126.960,0.071,204,11.105,7.596,0,1.176,1.176,1.176,1.176,NaN,3.587,3.660,3.513,3.660,0.073
Track_205,205,4,1,1,0,0,0,0.240,127.380,127.620,0.017,205,13.150,9.640,0,0.450,0.663,0.310,0.377,0.187,3.700,3.927,3.384,3.921,0.233
Track_206,206,2,0,0,0,0,0,0.060,128.040,128.100,0.092,206,13.103,9.647,0,1.539,1.539,1.539,1.539,NaN,3.610,3.643,3.577,3.643,0.033
Track_207,207,2,0,0,0,0,0,0.060,128.760,128.820,0.064,207,13.069,9.637,0,1.068,1.068,1.068,1.068,NaN,3.704,4.364,3.043,4.364,0.661
Track_208,208,7,1,1,0,0,0,0.420,129.000,129.420,0.064,208,13.122,9.623,0,1.230,2.110,0.279,1.142,0.742,3.825,4.439,3.003,3.966,0.550
Track_209,209,2,0,0,0,0,0,0.060,129.120,129.180,0.028,209,11.102,7.611,0,0.462,0.462,0.462,0.462,NaN,3.411,3.500,3.322,3.500,0.089
Track_210,210,8,1,1,0,0,0,0.480,129.900,130.380,0.191,210,13.119,9.635,0,1.360,2.120,0.209,1.221,0.678,3.627,5.035,3.004,3.628,0.589
Track_211,211,4,1,1,0,0,0,0.240,130.740,130.980,0.094,211,13.125,9.604,0,0.968,1.371,0.221,1.314,0.648,3.440,3.770,3.234,3.412,0.201
Track_212,212,17,3,1,0,0,0,1.140,131.520,132.660,0.076,212,13.098,9.627,0,1.158,2.209,0.046,0.971,0.663,3.797,5.256,3.083,3.689,0.560
Track_213,213,12,1,1,0,0,0,0.720,132.960,133.680,0.020,213,13.101,9.633,0,0.990,2.067,0.202,0.902,0.504,3.746,4.728,3.156,3.584,0.480
Track_214,214,2,0,0,0,0,0,0.060,133.860,133.920,0.072,214,13.099,9.635,0,1.194,1.194,1.194,1.194,NaN,4.527,5.513,3.542,5.513,0.986
Track_215,215,10,1,1,0,0,0,0.600,134.220,134.820,0.018,215,13.123,9.634,0,1.331,2.510,0.798,1.192,0.584,3.914,4.605,3.001,3.988,0.554
Track_216,216,7,1,1,0,0,0,0.420,135.120,135.540,0.062,216,13.111,9.641,0,1.238,2.105,0.585,1.511,0.603,3.584,4.268,3.117,3.511,0.354
Track_217,217,3,0,0,0,0,0,0.120,135.840,135.960,0.034,217,13.129,9.648,0,0.381,0.607,0.155,0.607,0.320,3.449,3.725,3.293,3.328,0.196
Track_218,218,4,1,1,0,0,0,0.240,136.140,136.380,0.042,218,13.108,9.629,0,1.071,1.670,0.259,1.284,0.729,4.138,4.740,3.482,4.206,0.447
Track_219,219,2,0,0,0,0,0,0.060,127.260,127.320,0.065,219,11.128,7.681,0,1.089,1.089,1.089,1.089,NaN,3.240,3.400,3.079,3.400,0.160
Track_220,220,3,0,0,0,0,0,0.120,136.500,136.620,0.074,220,8.617,5.551,0,0.941,1.011,0.871,1.011,0.099,5.345,6.325,4.547,5.164,0.737
Track_221,221,14,2,1,0,0,0,0.900,136.860,137.760,0.032,221,13.089,9.641,0,1.111,2.718,0.124,0.798,0.741,4.000,4.738,3.224,3.926,0.459
Track_222,222,3,0,0,0,0,0,0.120,137.940,138.060,0.042,222,13.094,9.606,0,0.937,1.131,0.743,1.131,0.274,3.783,4.130,3.425,3.795,0.288
Track_223,223,31,4,1,0,0,0,2.040,138.480,140.520,0.098,223,13.100,9.625,0,0.901,2.272,0.081,0.771,0.580,3.792,4.965,3.188,3.760,0.469
Track_224,224,2,0,0,0,0,0,0.060,138.240,138.300,0.074,224,13.102,9.654,0,1.229,1.229,1.229,1.229,NaN,3.795,4.483,3.108,4.483,0.688
Track_225,225,3,0,0,0,0,0,0.120,140.640,140.760,0.027,225,18.288,7.877,0,1.098,1.317,0.879,1.317,0.309,3.706,4.018,3.171,3.927,0.380
Track_226,226,5,0,0,0,0,0,0.240,140.880,141.120,0.094,226,13.077,9.604,0,0.843,1.045,0.687,0.914,0.167,3.916,4.094,3.626,3.978,0.161
Track_227,227,2,0,0,0,0,0,0.060,141.480,141.540,0.073,227,13.017,1.302,0,1.213,1.213,1.213,1.213,NaN,3.764,3.932,3.595,3.932,0.168
Track_228,228,2,0,0,0,0,0,0.060,141.660,141.720,0.012,228,13.106,9.635,0,0.202,0.202,0.202,0.202,NaN,4.091,4.222,3.961,4.222,0.131
Track_229,229,4,0,0,0,0,0,0.180,141.840,142.020,0.016,229,12.965,1.286,0,0.881,1.190,0.581,0.872,0.305,4.890,6.958,3.629,4.567,1.246
Track_230,230,4,0,0,0,0,0,0.180,141.900,142.080,0.056,230,13.121,9.630,0,0.479,0.650,0.204,0.581,0.240,3.645,4.848,3.057,3.438,0.708
Track_231,231,4,0,0,0,0,0,0.180,142.200,142.380,0.036,231,12.974,1.288,0,1.030,1.177,0.910,1.004,0.135,4.980,6.990,3.100,6.335,1.704
Track_232,232,2,0,0,0,0,0,0.060,142.320,142.380,0.075,232,13.119,9.611,0,1.245,1.245,1.245,1.245,NaN,3.643,3.657,3.629,3.657,0.014
Track_233,233,8,0,0,0,0,0,0.420,142.680,143.100,0.013,233,12.986,1.299,0,1.213,2.725,0.328,0.764,0.912,4.632,7.997,3.660,4.424,1.343
Track_234,234,6,0,0,0,0,0,0.300,142.740,143.040,0.024,234,13.127,9.631,0,1.111,2.061,0.360,0.983,0.688,3.661,3.961,3.260,3.746,0.225
Track_235,235,2,0,0,0,0,0,0.060,143.220,143.280,0.151,235,13.113,9.627,0,2.515,2.515,2.515,2.515,NaN,3.573,3.704,3.443,3.704,0.131
Track_236,236,4,1,1,0,0,0,0.240,143.340,143.580,0.037,236,13.017,1.288,0,0.453,1.044,0.136,0.181,0.512,4.596,6.378,3.425,4.850,1.158
Track_237,237,3,0,0,0,0,0,0.120,143.520,143.640,0.028,237,13.120,9.592,0,0.288,0.408,0.168,0.408,0.170,3.681,4.448,3.034,3.561,0.583
Track_238,238,6,1,1,0,0,0,0.360,144.060,144.420,0.070,238,13.127,9.641,0,1.131,1.823,0.506,1.196,0.497,3.579,4.443,3.074,3.459,0.449
Track_239,239,2,0,0,0,0,0,0.060,144.240,144.300,0.071,239,13.039,1.253,0,1.186,1.186,1.186,1.186,NaN,4.620,5.592,3.649,5.592,0.972
Track_240,240,6,0,0,0,0,0,0.300,144.480,144.780,0.080,240,13.026,1.281,0,0.986,1.735,0.599,0.737,0.484,4.588,6.789,3.155,4.721,1.206
Track_241,241,7,0,0,0,0,0,0.360,144.720,145.080,0.130,241,13.090,9.621,0,0.802,1.543,0.102,1.049,0.557,3.523,4.566,3.007,3.488,0.484
Track_242,242,2,0,0,0,0,0,0.060,144.900,144.960,0.098,242,13.016,1.322,0,1.627,1.627,1.627,1.627,NaN,4.188,4.980,3.396,4.980,0.792
Track_243,243,3,0,0,0,0,0,0.120,145.140,145.260,0.027,243,12.978,1.312,0,1.551,1.725,1.376,1.725,0.247,4.891,6.772,3.831,4.071,1.333
Track_244,244,27,6,1,0,0,0,1.920,145.440,147.360,0.032,244,13.020,1.309,0,0.867,1.973,0.031,0.829,0.554,5.364,10.697,3.026,4.938,1.537
Track_245,245,12,1,1,0,0,0,0.720,145.560,146.280,0.017,245,13.135,9.632,0,0.818,1.797,0.432,0.732,0.381,4.058,4.973,3.161,3.979,0.519
Track_246,246,2,0,0,0,0,0,0.060,145.260,145.320,0.050,246,13.176,9.698,0,0.841,0.841,0.841,0.841,NaN,3.463,3.539,3.387,3.539,0.076
Track_247,247,18,4,1,0,0,0,1.260,146.640,147.900,0.047,247,13.125,9.650,0,0.975,2.362,0.071,0.955,0.578,3.789,5.264,3.166,3.801,0.495
Track_248,248,21,1,1,0,0,0,1.260,147.600,148.860,0.017,248,13.025,1.324,0,0.765,1.905,0.086,0.732,0.448,6.462,10.644,3.055,5.116,2.520
Track_249,249,2,0,0,0,0,0,0.060,146.160,146.220,0.012,249,18.354,7.837,0,0.204,0.204,0.204,0.204,NaN,3.673,4.013,3.334,4.013,0.340
Track_250,250,17,3,1,0,0,0,1.140,148.080,149.220,0.081,250,13.141,9.619,0,1.003,2.277,0.346,0.948,0.592,3.805,4.679,3.195,3.824,0.408
Track_251,251,4,0,0,0,0,0,0.180,149.220,149.400,0.054,251,13.000,1.304,0,0.937,1.459,0.468,0.883,0.498,3.194,3.396,3.023,3.310,0.163
Track_252,252,2,0,0,0,0,0,0.060,149.220,149.280,0.121,252,15.828,4.768,0,2.024,2.024,2.024,2.024,NaN,3.659,4.227,3.091,4.227,0.568
Track_253,253,16,5,1,0,0,0,1.200,149.400,150.600,0.123,253,13.125,9.650,0,0.709,1.550,0.066,0.714,0.441,3.668,4.411,3.107,3.749,0.456
Track_254,254,7,1,1,0,0,0,0.420,151.080,151.500,0.056,254,13.124,9.657,0,1.046,1.659,0.346,1.405,0.583,3.350,3.781,3.008,3.359,0.280
Track_255,255,3,0,0,0,0,0,0.120,151.680,151.800,0.045,255,13.068,1.259,0,0.380,0.668,0.092,0.668,0.407,3.344,3.553,3.023,3.455,0.230
Track_256,256,5,0,0,0,0,0,0.240,152.100,152.340,0.088,256,13.107,9.629,0,0.954,1.195,0.694,1.109,0.237,3.909,5.105,3.227,3.617,0.723
Track_257,257,4,1,1,0,0,0,0.240,152.280,152.520,0.069,257,16.569,10.622,0,0.481,0.758,0.326,0.358,0.241,4.767,6.470,3.444,4.753,1.094
Track_258,258,9,1,1,0,0,0,0.540,152.520,153.060,0.020,258,13.109,9.655,0,0.934,1.553,0.230,1.105,0.461,3.652,4.168,3.223,3.689,0.270
Track_259,259,3,0,0,0,0,0,0.120,152.820,152.940,0.065,259,16.562,10.671,0,1.416,1.480,1.352,1.480,0.091,3.842,4.451,3.499,3.575,0.432
Track_260,260,5,0,0,0,0,0,0.240,153.000,153.240,0.009,260,13.024,1.341,0,0.614,0.960,0.162,0.871,0.371,3.795,4.546,3.085,3.857,0.495
Track_261,261,7,1,1,0,0,0,0.420,153.000,153.420,0.079,261,7.862,16.996,0,1.066,1.676,0.355,1.324,0.542,3.905,4.851,3.245,3.688,0.520
Track_262,262,12,2,1,0,0,0,0.780,153.240,154.020,0.063,262,13.101,9.668,0,0.873,1.818,0.161,0.647,0.589,3.720,4.556,3.023,3.840,0.440
Track_263,263,4,0,0,0,0,0,0.180,153.420,153.600,0.056,263,13.000,1.292,0,1.736,2.898,1.080,1.231,1.009,3.644,4.149,3.043,3.756,0.396
Track_264,264,7,1,1,0,0,0,0.420,154.320,154.740,0.044,264,13.125,9.659,0,0.917,2.103,0.224,1.018,0.670,3.427,4.234,3.020,3.120,0.423
Track_265,265,2,0,0,0,0,0,0.060,154.440,154.500,0.040,265,13.002,1.302,0,0.659,0.659,0.659,0.659,NaN,3.273,3.327,3.219,3.327,0.054
Track_266,266,2,0,0,0,0,0,0.060,154.800,154.860,0.113,266,18.014,9.478,0,1.877,1.877,1.877,1.877,NaN,3.724,3.767,3.681,3.767,0.043
Track_267,267,5,1,1,0,0,0,0.300,154.980,155.280,0.143,267,13.112,9.632,0,1.441,2.261,0.620,2.132,0.875,3.500,3.960,3.136,3.275,0.373
Track_268,268,3,0,0,0,0,0,0.120,155.520,155.640,0.104,268,13.114,9.612,0,0.880,1.281,0.479,1.281,0.567,3.592,4.117,3.327,3.333,0.371
Track_269,269,2,0,0,0,0,0,0.060,155.580,155.640,0.026,269,16.582,10.608,0,0.437,0.437,0.437,0.437,NaN,3.460,3.891,3.029,3.891,0.431
Track_270,270,2,0,0,0,0,0,0.060,155.640,155.700,0.031,270,17.997,9.511,0,0.519,0.519,0.519,0.519,NaN,4.600,5.062,4.137,5.062,0.462
Track_271,271,2,0,0,0,0,0,0.060,151.500,151.560,0.046,271,15.774,4.736,0,0.773,0.773,0.773,0.773,NaN,3.622,4.162,3.082,4.162,0.540
Track_272,272,2,0,0,0,0,0,0.060,156.060,156.120,0.048,272,18.048,9.513,0,0.801,0.801,0.801,0.801,NaN,3.555,4.011,3.098,4.011,0.456
Track_273,273,2,0,0,0,0,0,0.060,156.180,156.240,0.087,273,13.023,9.639,0,1.447,1.447,1.447,1.447,NaN,4.178,4.434,3.922,4.434,0.256
Track_274,274,2,0,0,0,0,0,0.060,156.180,156.240,0.064,274,16.470,10.620,0,1.059,1.059,1.059,1.059,NaN,3.357,3.503,3.211,3.503,0.146
Track_275,275,2,0,0,0,0,0,0.060,156.360,156.420,0.049,275,18.012,9.481,0,0.815,0.815,0.815,0.815,NaN,4.484,4.841,4.128,4.841,0.357
Track_276,276,2,0,0,0,0,0,0.060,156.480,156.540,0.037,276,13.081,9.596,0,0.614,0.614,0.614,0.614,NaN,4.004,4.567,3.441,4.567,0.563
Track_277,277,2,0,0,0,0,0,0.060,157.860,157.920,0.042,277,13.085,9.616,0,0.706,0.706,0.706,0.706,NaN,3.672,4.000,3.343,4.000,0.329
Track_278,278,3,0,0,0,0,0,0.120,158.160,158.280,0.106,278,15.584,16.981,0,1.680,2.194,1.166,2.194,0.727,3.167,3.240,3.044,3.216,0.087
Track_279,279,2,0,0,0,0,0,0.060,158.460,158.520,0.064,279,16.934,7.777,0,1.070,1.070,1.070,1.070,NaN,4.268,4.757,3.779,4.757,0.489
Track_280,280,2,0,0,0,0,0,0.060,158.580,158.640,0.165,280,13.087,9.579,0,2.752,2.752,2.752,2.752,NaN,3.828,4.161,3.494,4.161,0.333
Track_281,281,2,0,0,0,0,0,0.060,159.060,159.120,0.062,281,13.111,9.610,0,1.028,1.028,1.028,1.028,NaN,3.986,3.999,3.973,3.999,0.013
Track_282,282,2,0,0,0,0,0,0.060,160.020,160.080,0.114,282,13.107,9.618,0,1.901,1.901,1.901,1.901,NaN,3.624,3.627,3.621,3.627,0.003
Track_283,283,7,2,1,0,0,0,0.480,160.260,160.740,0.069,283,13.112,9.650,0,1.499,2.337,0.759,1.823,0.610,3.830,4.870,3.218,3.842,0.492
Track_284,284,2,0,0,0,0,0,0.060,160.980,161.040,0.130,284,13.116,9.647,0,2.165,2.165,2.165,2.165,NaN,3.066,3.130,3.002,3.130,0.064
Track_285,285,4,1,1,0,0,0,0.240,161.220,161.460,0.046,285,13.071,9.626,0,0.470,1.028,0.165,0.218,0.483,3.840,5.220,3.079,3.569,0.819
Track_286,286,2,0,0,0,0,0,0.060,161.400,161.460,0.015,286,16.931,7.803,0,0.251,0.251,0.251,0.251,NaN,4.259,4.516,4.003,4.516,0.256
Track_287,287,2,0,0,0,0,0,0.060,156.960,157.020,0.113,287,18.917,11.662,0,1.875,1.875,1.875,1.875,NaN,3.080,3.118,3.042,3.118,0.038
Track_288,288,3,0,0,0,0,0,0.120,162.120,162.240,0.055,288,13.053,9.664,0,0.464,0.659,0.269,0.659,0.276,3.539,4.370,3.013,3.234,0.594
Track_289,289,3,0,0,0,0,0,0.120,168.180,168.300,0.110,289,16.523,10.668,0,1.044,1.713,0.374,1.713,0.947,3.144,3.378,3.022,3.032,0.165
Track_290,290,3,0,0,0,0,0,0.120,168.720,168.840,0.034,290,16.446,10.592,0,1.197,1.380,1.014,1.380,0.258,3.541,3.604,3.490,3.530,0.047
Track_291,291,10,0,0,0,0,0,0.540,169.080,169.620,0.173,291,16.508,10.572,0,1.024,2.323,0.262,0.943,0.677,3.715,4.801,3.029,3.725,0.591
Track_292,292,2,0,0,0,0,0,0.060,168.420,168.480,0.076,292,16.548,10.566,0,1.258,1.258,1.258,1.258,NaN,3.381,3.496,3.265,3.496,0.116
Track_293,293,2,0,0,0,0,0,0.060,167.880,167.940,0.044,293,16.504,10.535,0,0.738,0.738,0.738,0.738,NaN,3.562,3.882,3.242,3.882,0.320
Track_294,294,2,0,0,0,0,0,0.060,164.160,164.220,0.162,294,13.094,9.620,0,2.702,2.702,2.702,2.702,NaN,3.383,3.709,3.057,3.709,0.326
Track_295,295,2,0,0,0,0,0,0.060,173.460,173.520,0.026,295,14.005,8.492,0,0.435,0.435,0.435,0.435,NaN,3.359,3.469,3.249,3.469,0.110
Track_296,296,2,0,0,0,0,0,0.060,172.380,172.440,0.093,296,13.095,9.626,0,1.551,1.551,1.551,1.551,NaN,3.432,3.607,3.258,3.607,0.174
Track_297,297,2,0,0,0,0,0,0.060,172.200,172.260,0.153,297,13.051,9.687,0,2.553,2.553,2.553,2.553,NaN,3.151,3.167,3.135,3.167,0.016
Track_298,298,2,0,0,0,0,0,0.060,176.040,176.100,0.131,298,14.559,12.097,0,2.185,2.185,2.185,2.185,NaN,3.301,3.402,3.199,3.402,0.102
Track_299,299,14,1,1,0,0,0,0.840,182.040,182.880,0.042,299,13.377,6.573,0,0.883,2.146,0.145,0.861,0.543,4.233,5.476,3.112,4.325,0.565
Track_300,300,4,0,0,0,0,0,0.180,183.180,183.360,0.073,300,18.622,6.114,0,0.743,1.122,0.451,0.657,0.343,3.506,4.168,3.058,3.404,0.407
Track_301,301,9,0,0,0,0,0,0.480,183.120,183.600,0.020,301,13.367,6.566,0,1.044,1.961,0.166,1.061,0.610,3.786,4.970,3.015,3.819,0.531
Track_302,302,3,0,0,0,0,0,0.120,183.780,183.900,0.124,302,13.365,6.542,0,1.419,1.739,1.099,1.739,0.452,4.167,4.621,3.725,4.156,0.366
Track_303,303,71,3,1,0,0,0,4.380,184.020,188.400,0.098,303,13.389,6.581,0,0.982,2.388,0.117,0.934,0.530,4.164,5.598,3.001,4.102,0.608
Track_304,304,2,0,0,0,0,0,0.060,185.940,186.000,0.050,304,14.614,12.116,0,0.830,0.830,0.830,0.830,NaN,3.672,3.919,3.424,3.919,0.248
Track_305,305,2,0,0,0,0,0,0.060,186.420,186.480,0.146,305,14.568,12.151,0,2.438,2.438,2.438,2.438,NaN,3.310,3.413,3.208,3.413,0.102
Track_306,306,2,0,0,0,0,0,0.060,186.900,186.960,0.147,306,14.636,12.145,0,2.442,2.442,2.442,2.442,NaN,3.348,3.477,3.219,3.477,0.129
Track_307,307,4,0,0,0,0,0,0.180,187.140,187.320,0.020,307,14.591,12.119,0,0.669,0.878,0.547,0.581,0.182,3.619,3.920,3.271,3.793,0.254
Track_308,308,12,3,1,0,0,0,0.840,187.560,188.400,0.077,308,14.615,12.119,0,0.898,1.804,0.172,0.817,0.494,3.876,5.150,3.057,3.828,0.543
Track_309,309,15,2,1,0,0,0,0.960,188.580,189.540,0.018,309,14.625,12.140,0,0.820,1.977,0.334,0.832,0.447,3.985,6.048,3.019,3.846,0.711
Track_310,310,14,0,0,0,0,0,0.780,188.700,189.480,0.106,310,13.400,6.583,0,1.101,2.564,0.330,1.104,0.656,4.116,5.553,3.311,3.965,0.722
Track_311,311,17,1,1,0,0,0,1.020,189.840,190.860,0.027,311,13.421,6.576,0,1.233,2.134,0.327,1.434,0.574,4.179,5.873,3.058,4.156,0.661
Track_312,312,2,0,0,0,0,0,0.060,189.900,189.960,0.098,312,14.643,12.156,0,1.636,1.636,1.636,1.636,NaN,4.455,4.597,4.312,4.597,0.143
Track_313,313,4,0,0,0,0,0,0.180,190.680,190.860,0.015,313,14.607,12.139,0,1.156,1.681,0.490,1.297,0.608,3.248,3.359,3.118,3.298,0.090
Track_314,314,2,0,0,0,0,0,0.060,191.220,191.280,0.105,314,13.373,6.571,0,1.745,1.745,1.745,1.745,NaN,4.356,4.795,3.917,4.795,0.439
Track_315,315,7,1,1,0,0,0,0.420,191.040,191.460,0.083,315,14.624,12.105,0,1.195,2.397,0.494,1.191,0.652,3.833,4.239,3.352,3.897,0.309
Track_316,316,8,0,0,0,0,0,0.420,191.640,192.060,0.044,316,14.624,12.119,0,1.187,2.406,0.152,1.075,0.708,3.779,4.315,3.264,3.870,0.369
Track_317,317,3,0,0,0,0,0,0.120,191.880,192.000,0.082,317,13.413,6.584,0,0.791,1.187,0.394,1.187,0.561,3.296,3.527,3.154,3.206,0.165
Track_318,318,4,0,0,0,0,0,0.180,192.180,192.360,0.023,318,13.420,6.615,0,0.827,1.259,0.006,1.215,0.711,6.078,6.438,5.692,6.400,0.343
Track_319,319,25,2,1,0,0,0,1.560,192.420,193.980,0.056,319,14.615,12.117,0,0.928,2.069,0.326,0.848,0.466,4.102,5.858,3.211,3.904,0.672
Track_320,320,18,1,1,0,0,0,1.080,193.380,194.460,0.033,320,16.578,10.652,0,1.020,1.703,0.100,1.013,0.398,3.926,5.232,3.074,3.804,0.615
Track_321,321,2,0,0,0,0,0,0.060,194.340,194.400,0.181,321,13.386,6.669,0,3.017,3.017,3.017,3.017,NaN,3.501,3.573,3.428,3.573,0.073
Track_322,322,12,2,1,0,0,0,0.780,194.280,195.060,0.039,322,14.626,12.149,0,0.846,1.866,0.098,0.836,0.498,4.349,6.118,3.238,4.458,0.877
Track_323,323,7,1,1,0,0,0,0.420,194.880,195.300,0.046,323,16.595,10.649,0,0.805,1.348,0.156,0.810,0.453,4.077,4.734,3.151,3.981,0.551
Track_324,324,12,3,1,0,0,0,0.840,195.300,196.140,0.034,324,14.606,12.142,0,0.760,1.096,0.305,0.825,0.279,4.355,5.848,3.173,4.711,0.866
Track_325,325,4,1,1,0,0,0,0.240,195.540,195.780,0.087,325,13.473,6.633,0,1.387,2.255,0.910,0.997,0.753,3.764,4.622,3.105,3.882,0.567
Track_326,326,10,2,1,0,0,0,0.660,195.960,196.620,0.136,326,13.432,6.592,0,0.885,3.155,0.270,0.500,0.905,4.949,8.048,3.089,4.475,1.891
Track_327,327,2,0,0,0,0,0,0.060,195.960,196.020,0.069,327,12.401,3.129,0,1.152,1.152,1.152,1.152,NaN,4.246,4.640,3.851,4.640,0.394
Track_328,328,5,0,0,0,0,0,0.240,196.200,196.440,0.033,328,16.556,10.643,0,1.926,2.498,1.315,2.367,0.593,3.532,4.014,3.148,3.354,0.376
Track_329,329,4,0,0,0,0,0,0.180,196.980,197.160,0.093,329,13.444,6.556,0,2.383,2.835,1.785,2.530,0.540,3.797,4.701,3.039,4.368,0.746
Track_330,330,4,0,0,0,0,0,0.180,197.340,197.520,0.037,330,18.064,9.500,0,1.146,1.398,0.764,1.277,0.336,4.281,5.201,3.502,4.831,0.747
Track_331,331,4,0,0,0,0,0,0.180,197.640,197.820,0.067,331,16.583,10.641,0,1.230,1.565,1.047,1.080,0.290,3.360,3.574,3.063,3.528,0.206
Track_332,332,2,0,0,0,0,0,0.060,198.060,198.120,0.048,332,13.406,6.564,0,0.806,0.806,0.806,0.806,NaN,3.385,3.731,3.040,3.731,0.346
Track_333,333,2,0,0,0,0,0,0.060,198.360,198.420,0.074,333,13.446,6.569,0,1.229,1.229,1.229,1.229,NaN,3.447,3.646,3.249,3.646,0.199
Track_334,334,4,0,0,0,0,0,0.180,198.960,199.140,0.147,334,13.393,6.577,0,1.538,1.856,1.007,1.752,0.463,3.467,3.659,3.266,3.617,0.172
Track_335,335,3,0,0,0,0,0,0.120,198.900,199.020,0.078,335,18.038,9.477,0,1.670,1.671,1.669,1.671,0.001,5.167,6.707,3.389,5.404,1.365
Track_336,336,3,0,0,0,0,0,0.120,195.060,195.180,0.046,336,13.492,6.649,0,2.125,2.431,1.820,2.431,0.432,3.663,4.220,3.131,3.639,0.445
Track_337,337,3,0,0,0,0,0,0.120,199.620,199.740,0.069,337,13.349,6.589,0,0.599,0.858,0.340,0.858,0.367,3.489,3.725,3.194,3.549,0.221
Track_338,338,4,0,0,0,0,0,0.180,200.100,200.280,0.045,338,13.375,6.568,0,1.727,2.114,1.014,2.052,0.618,3.971,4.904,3.211,3.937,0.606
Track_339,339,5,1,1,0,0,0,0.300,204.180,204.480,0.103,339,10.324,4.578,0,1.052,2.075,0.643,0.787,0.684,4.150,4.866,3.710,4.035,0.437
Track_340,340,3,0,0,0,0,0,0.120,205.200,205.320,0.054,340,13.414,6.612,0,2.868,3.310,2.425,3.310,0.626,3.463,3.833,3.248,3.308,0.263
Track_341,341,2,0,0,0,0,0,0.060,201.720,201.780,0.052,341,16.624,10.710,0,0.874,0.874,0.874,0.874,NaN,4.071,5.084,3.058,5.084,1.013
Track_342,342,2,0,0,0,0,0,0.060,201.120,201.180,0.027,342,13.431,6.635,0,0.451,0.451,0.451,0.451,NaN,8.796,11.232,6.360,11.232,2.436
Track_343,343,3,0,0,0,0,0,0.120,205.800,205.920,0.080,343,13.416,6.603,0,1.153,1.402,0.904,1.402,0.352,3.782,4.377,3.477,3.492,0.421
Track_344,344,5,1,1,0,0,0,0.300,205.320,205.620,0.095,344,3.548,14.574,0,1.379,2.314,0.654,1.305,0.689,3.374,3.803,3.056,3.270,0.256
Track_345,345,4,0,0,0,0,0,0.180,206.460,206.640,0.090,345,13.442,6.595,0,1.605,2.344,1.158,1.312,0.645,3.956,4.721,3.257,4.154,0.544
Track_346,346,2,0,0,0,0,0,0.060,205.320,205.380,0.148,346,6.222,11.023,0,2.459,2.459,2.459,2.459,NaN,3.537,3.962,3.112,3.962,0.425
Track_347,347,5,0,0,0,0,0,0.240,206.760,207.000,0.141,347,13.417,6.590,0,1.083,1.212,0.955,1.141,0.116,3.951,4.224,3.436,4.027,0.271
Track_348,348,3,0,0,0,0,0,0.120,206.100,206.220,0.056,348,13.436,6.606,0,0.696,0.773,0.619,0.773,0.109,3.806,4.169,3.252,3.997,0.398
Track_349,349,2,0,0,0,0,0,0.060,205.860,205.920,0.193,349,14.472,10.675,0,3.224,3.224,3.224,3.224,NaN,3.061,3.085,3.036,3.085,0.025
Track_350,350,2,0,0,0,0,0,0.060,204.240,204.300,0.118,350,13.499,6.684,0,1.968,1.968,1.968,1.968,NaN,4.329,4.888,3.769,4.888,0.560
Track_351,351,5,1,1,0,0,0,0.300,207.240,207.540,0.073,351,13.428,6.581,0,0.893,1.878,0.195,0.986,0.732,3.433,4.084,3.027,3.368,0.354
Track_352,352,2,0,0,0,0,0,0.060,207.300,207.360,0.013,352,17.217,13.177,0,0.212,0.212,0.212,0.212,NaN,3.807,3.871,3.743,3.871,0.064
Track_353,353,7,2,1,0,0,0,0.480,207.180,207.660,0.027,353,6.186,10.988,0,1.164,2.529,0.373,1.129,0.805,3.366,3.762,3.136,3.288,0.227
Track_354,354,2,0,0,0,0,0,0.060,207.840,207.900,0.046,354,17.213,13.180,0,0.774,0.774,0.774,0.774,NaN,3.464,3.707,3.220,3.707,0.243
Track_355,355,2,0,0,0,0,0,0.060,208.080,208.140,0.106,355,13.402,6.616,0,1.773,1.773,1.773,1.773,NaN,3.973,4.518,3.429,4.518,0.545
Track_356,356,3,0,0,0,0,0,0.120,208.380,208.500,0.054,356,17.187,13.193,0,0.627,0.966,0.288,0.966,0.480,4.201,4.640,3.753,4.211,0.362
Track_357,357,2,0,0,0,0,0,0.060,208.740,208.800,0.159,357,17.224,13.176,0,2.642,2.642,2.642,2.642,NaN,3.475,3.866,3.083,3.866,0.392
Track_358,358,2,0,0,0,0,0,0.060,208.980,209.040,0.073,358,13.398,6.597,0,1.224,1.224,1.224,1.224,NaN,3.773,3.967,3.579,3.967,0.194
Track_359,359,4,0,0,0,0,0,0.180,209.220,209.400,0.056,359,13.414,6.604,0,1.052,1.639,0.245,1.272,0.723,3.520,4.273,3.162,3.404,0.443
Track_360,360,4,1,1,0,0,0,0.240,209.700,209.940,0.095,360,13.400,6.598,0,1.153,2.335,0.556,0.568,1.024,3.173,3.240,3.117,3.213,0.055
Track_361,361,8,1,1,0,0,0,0.480,210.660,211.140,0.050,361,13.427,6.596,0,0.862,1.883,0.373,0.551,0.542,3.969,4.834,3.315,3.898,0.533
Track_362,362,2,0,0,0,0,0,0.060,211.440,211.500,0.043,362,13.463,6.643,0,0.718,0.718,0.718,0.718,NaN,4.935,5.933,3.938,5.933,0.997
Track_363,363,6,0,0,0,0,0,0.300,211.980,212.280,0.138,363,11.150,7.103,0,1.248,2.370,0.656,0.929,0.734,3.685,4.438,3.188,3.861,0.438
Track_364,364,3,0,0,0,0,0,0.120,212.040,212.160,0.104,364,13.417,6.610,0,1.086,1.304,0.869,1.304,0.307,4.863,6.438,3.404,4.748,1.241
Track_365,365,2,0,0,0,0,0,0.060,212.640,212.700,0.103,365,13.411,6.595,0,1.712,1.712,1.712,1.712,NaN,3.318,3.391,3.245,3.391,0.073
Track_366,366,2,0,0,0,0,0,0.060,212.940,213.000,0.135,366,13.346,6.577,0,2.244,2.244,2.244,2.244,NaN,3.684,4.271,3.097,4.271,0.587
Track_367,367,2,0,0,0,0,0,0.060,213.120,213.180,0.043,367,13.445,6.567,0,0.714,0.714,0.714,0.714,NaN,3.507,3.576,3.439,3.576,0.069
Track_368,368,2,0,0,0,0,0,0.060,213.420,213.480,0.166,368,13.384,6.576,0,2.768,2.768,2.768,2.768,NaN,3.235,3.390,3.080,3.390,0.155
Track_369,369,6,1,1,0,0,0,0.360,214.080,214.440,0.035,369,13.441,6.619,0,1.200,1.945,0.493,1.224,0.629,3.633,4.417,3.191,3.396,0.448
Track_370,370,4,0,0,0,0,0,0.180,214.920,215.100,0.088,370,13.405,6.592,0,0.502,1.015,0.082,0.408,0.473,3.904,4.674,3.032,4.595,0.738
Track_371,371,3,0,0,0,0,0,0.120,215.400,215.520,0.053,371,13.347,6.596,0,0.731,1.013,0.449,1.013,0.399,4.394,4.988,3.608,4.585,0.579
Track_372,372,5,1,1,0,0,0,0.300,216.000,216.300,0.057,372,13.410,6.600,0,0.792,1.495,0.292,0.747,0.507,3.723,4.477,3.268,3.628,0.410
Track_373,373,4,0,0,0,0,0,0.180,216.660,216.840,0.087,373,13.427,6.595,0,0.537,0.957,0.239,0.416,0.374,3.676,4.521,3.083,3.722,0.538
Track_374,374,8,0,0,0,0,0,0.420,217.080,217.500,0.035,374,13.407,6.614,0,1.307,3.128,0.533,0.879,0.932,3.728,5.237,3.212,3.477,0.630
Track_375,375,3,0,0,0,0,0,0.120,218.040,218.160,0.111,375,13.437,6.634,0,1.254,1.330,1.178,1.330,0.107,3.306,3.463,3.155,3.301,0.126
Track_376,376,2,0,0,0,0,0,0.060,218.700,218.760,0.091,376,13.422,6.588,0,1.523,1.523,1.523,1.523,NaN,3.475,3.511,3.439,3.511,0.036
Track_377,377,20,3,1,0,0,0,1.320,219.240,220.560,0.016,377,13.414,6.610,0,0.832,2.219,0.098,0.607,0.587,3.844,5.588,3.002,3.558,0.744
Track_378,378,7,0,0,0,0,0,0.360,220.860,221.220,0.107,378,13.410,6.619,0,1.256,1.891,0.603,1.521,0.528,4.930,9.074,3.109,4.766,1.921
Track_379,379,2,0,0,0,0,0,0.060,221.700,221.760,0.171,379,13.361,6.600,0,2.857,2.857,2.857,2.857,NaN,4.033,4.491,3.575,4.491,0.458
Track_380,380,8,0,0,0,0,0,0.420,223.860,224.280,0.032,380,13.397,6.609,0,1.162,2.038,0.350,0.924,0.584,3.632,4.402,3.014,3.615,0.398
Track_381,381,2,0,0,0,0,0,0.060,224.460,224.520,0.136,381,16.462,10.162,0,2.271,2.271,2.271,2.271,NaN,3.188,3.196,3.181,3.196,0.007
Track_382,382,2,0,0,0,0,0,0.060,225.720,225.780,0.047,382,13.478,6.661,0,0.789,0.789,0.789,0.789,NaN,3.208,3.380,3.037,3.380,0.171
Track_383,383,2,0,0,0,0,0,0.060,228.780,228.840,0.078,383,13.380,6.595,0,1.302,1.302,1.302,1.302,NaN,3.606,3.703,3.508,3.703,0.098
Track_384,384,2,0,0,0,0,0,0.060,230.640,230.700,0.044,384,13.351,6.580,0,0.733,0.733,0.733,0.733,NaN,3.120,3.163,3.077,3.163,0.043
Track_385,385,2,0,0,0,0,0,0.060,230.820,230.880,0.049,385,3.348,11.105,0,0.823,0.823,0.823,0.823,NaN,3.693,3.811,3.575,3.811,0.118
Track_386,386,4,0,0,0,0,0,0.180,231.240,231.420,0.074,386,13.431,6.633,0,1.758,2.351,1.194,1.728,0.579,3.316,3.529,3.109,3.353,0.151
Track_387,387,3,0,0,0,0,0,0.120,231.480,231.600,0.072,387,3.363,11.072,0,0.997,1.097,0.896,1.097,0.142,3.577,4.495,3.088,3.148,0.649
Track_388,388,4,0,0,0,0,0,0.180,232.080,232.260,0.157,388,13.385,6.594,0,1.022,2.299,0.185,0.583,1.124,3.463,3.629,3.147,3.558,0.186
Track_389,389,2,0,0,0,0,0,0.060,232.980,233.040,0.069,389,13.460,6.640,0,1.148,1.148,1.148,1.148,NaN,3.866,4.263,3.469,4.263,0.397
Track_390,390,3,0,0,0,0,0,0.120,234.240,234.360,0.079,390,13.113,0.402,0,1.391,1.845,0.937,1.845,0.642,3.778,3.940,3.591,3.803,0.143
Track_391,391,2,0,0,0,0,0,0.060,234.240,234.300,0.118,391,13.490,6.645,0,1.967,1.967,1.967,1.967,NaN,4.309,5.226,3.393,5.226,0.917
Track_392,392,3,0,0,0,0,0,0.120,235.020,235.140,0.043,392,13.435,6.625,0,0.586,0.638,0.535,0.638,0.073,4.739,5.572,4.136,4.508,0.609
Track_393,393,2,0,0,0,0,0,0.060,237.060,237.120,0.054,393,16.927,16.726,0,0.904,0.904,0.904,0.904,NaN,4.074,4.714,3.435,4.714,0.639
Track_394,394,3,0,0,0,0,0,0.120,237.480,237.600,0.103,394,16.886,16.718,0,0.936,1.647,0.225,1.647,1.005,3.172,3.234,3.090,3.192,0.061
Track_395,395,2,0,0,0,0,0,0.060,237.840,237.900,0.007,395,16.911,16.710,0,0.124,0.124,0.124,0.124,NaN,4.156,4.352,3.961,4.352,0.196
Track_396,396,2,0,0,0,0,0,0.060,237.900,237.960,0.079,396,3.369,11.035,0,1.313,1.313,1.313,1.313,NaN,3.367,3.589,3.144,3.589,0.222
Track_397,397,2,0,0,0,0,0,0.060,238.200,238.260,0.035,397,13.417,6.647,0,0.579,0.579,0.579,0.579,NaN,3.733,4.060,3.407,4.060,0.326
Track_398,398,2,0,0,0,0,0,0.060,239.400,239.460,0.055,398,16.885,16.765,0,0.925,0.925,0.925,0.925,NaN,3.135,3.156,3.114,3.156,0.021
Track_399,399,3,0,0,0,0,0,0.120,240.300,240.420,0.056,399,13.164,2.462,0,0.912,1.237,0.588,1.237,0.459,5.535,6.591,4.224,5.790,0.983
Track_400,400,2,0,0,0,0,0,0.060,239.460,239.520,0.058,400,10.342,4.503,0,0.961,0.961,0.961,0.961,NaN,3.144,3.270,3.019,3.270,0.125
Track_401,401,12,3,1,0,0,0,0.840,240.660,241.500,0.020,401,13.156,2.471,0,0.749,1.470,0.170,0.713,0.449,3.935,5.635,3.157,3.775,0.720
Track_402,402,2,0,0,0,0,0,0.060,230.280,230.340,0.089,402,13.463,6.629,0,1.488,1.488,1.488,1.488,NaN,3.581,3.933,3.229,3.933,0.352
Track_403,403,2,0,0,0,0,0,0.060,240.900,240.960,0.020,403,16.890,16.644,0,0.335,0.335,0.335,0.335,NaN,3.531,3.625,3.436,3.625,0.094
Track_404,404,4,0,0,0,0,0,0.180,241.800,241.980,0.070,404,13.148,2.476,0,0.734,1.104,0.302,0.796,0.404,4.093,4.931,3.633,4.035,0.505
Track_405,405,10,1,1,0,0,0,0.600,242.160,242.760,0.017,405,13.149,2.484,0,0.922,1.841,0.152,0.793,0.489,3.694,4.689,3.085,3.513,0.572
Track_406,406,2,0,0,0,0,0,0.060,242.340,242.400,0.057,406,16.891,16.711,0,0.956,0.956,0.956,0.956,NaN,3.634,3.831,3.438,3.831,0.197
Track_407,407,12,0,0,0,0,0,0.660,243.000,243.660,0.129,407,13.166,2.473,0,0.990,1.962,0.248,0.989,0.556,3.931,5.032,3.173,4.024,0.562
Track_408,408,2,0,0,0,0,0,0.060,234.120,234.180,0.066,408,3.397,11.097,0,1.104,1.104,1.104,1.104,NaN,3.924,4.232,3.615,4.232,0.308
Track_409,409,2,0,0,0,0,0,0.060,239.700,239.760,0.084,409,13.194,2.440,0,1.394,1.394,1.394,1.394,NaN,4.431,5.330,3.533,5.330,0.899
Track_410,410,4,0,0,0,0,0,0.180,243.900,244.080,0.036,410,13.126,2.461,0,0.244,0.311,0.136,0.285,0.095,4.772,5.891,3.700,4.806,0.776
Track_411,411,75,6,1,0,0,0,4.800,244.260,249.060,0.050,411,13.151,2.472,0,0.849,2.444,0.096,0.810,0.482,4.329,7.503,3.031,4.163,0.899
Track_412,412,2,0,0,0,0,0,0.060,247.200,247.260,0.123,412,14.563,11.313,0,2.050,2.050,2.050,2.050,NaN,4.635,4.680,4.591,4.680,0.044
Track_413,413,7,2,1,0,0,0,0.480,249.240,249.720,0.095,413,13.160,2.451,0,0.691,1.607,0.327,0.481,0.504,4.230,5.180,3.369,4.332,0.610
Track_414,414,2,0,0,0,0,0,0.060,249.300,249.360,0.077,414,14.551,11.274,0,1.284,1.284,1.284,1.284,NaN,3.312,3.387,3.237,3.387,0.075
Track_415,415,13,0,0,0,0,0,0.720,250.080,250.800,0.036,415,13.158,2.477,0,1.249,2.469,0.170,1.032,0.680,3.545,4.718,3.121,3.368,0.410
Track_416,416,3,0,0,0,0,0,0.120,250.140,250.260,0.051,416,14.552,11.321,0,2.123,2.413,1.833,2.413,0.410,3.474,3.926,3.123,3.374,0.335
Track_417,417,2,0,0,0,0,0,0.060,250.680,250.740,0.055,417,14.486,11.291,0,0.917,0.917,0.917,0.917,NaN,4.184,5.174,3.194,5.174,0.990
Track_418,418,3,0,0,0,0,0,0.120,251.280,251.400,0.047,418,13.156,2.475,0,0.677,0.799,0.555,0.799,0.172,4.071,4.830,3.532,3.849,0.552
Track_419,419,2,0,0,0,0,0,0.060,251.400,251.460,0.047,419,18.214,6.773,0,0.776,0.776,0.776,0.776,NaN,4.022,4.034,4.010,4.034,0.012
Track_420,420,4,1,1,0,0,0,0.240,251.280,251.520,0.115,420,14.578,11.275,0,1.107,1.639,0.544,1.138,0.548,3.589,4.120,3.209,3.760,0.374
Track_421,421,4,0,0,0,0,0,0.180,251.640,251.820,0.043,421,13.139,2.485,0,0.660,0.938,0.218,0.825,0.387,3.487,3.681,3.319,3.478,0.129
Track_422,422,4,1,1,0,0,0,0.240,251.940,252.180,0.081,422,14.549,11.287,0,0.994,1.548,0.541,0.894,0.511,3.701,4.079,3.175,3.782,0.328
Track_423,423,4,0,0,0,0,0,0.180,252.000,252.180,0.073,423,13.135,2.491,0,0.638,1.512,0.126,0.275,0.761,3.711,4.213,3.147,3.854,0.386
Track_424,424,2,0,0,0,0,0,0.060,252.360,252.420,0.064,424,14.562,11.221,0,1.061,1.061,1.061,1.061,NaN,4.544,4.568,4.519,4.568,0.025
Track_425,425,4,0,0,0,0,0,0.180,252.720,252.900,0.036,425,13.139,2.459,0,1.334,1.901,0.845,1.256,0.532,3.914,4.805,3.018,4.702,0.841
Track_426,426,26,0,0,0,0,0,1.500,253.440,254.940,0.063,426,13.147,2.464,0,0.858,2.366,0.206,0.801,0.479,4.626,6.571,3.308,4.413,0.968
Track_427,427,19,1,1,0,0,0,1.140,255.120,256.260,0.100,427,13.142,2.468,0,0.555,1.888,0.112,0.404,0.479,4.750,7.500,3.448,4.818,0.927
Track_428,428,17,0,0,0,0,0,0.960,256.380,257.340,0.048,428,13.148,2.460,0,0.801,1.656,0.095,0.826,0.456,5.326,8.175,3.724,5.044,1.117
Track_429,429,8,1,1,0,0,0,0.480,256.860,257.340,0.071,429,12.665,6.466,0,1.325,2.279,0.347,1.256,0.668,4.184,5.336,3.536,4.210,0.566
Track_430,430,6,0,0,0,0,0,0.300,257.640,257.940,0.111,430,12.697,6.515,0,1.729,2.745,0.184,2.077,0.968,4.305,5.712,3.146,4.349,0.942
Track_431,431,50,1,1,0,0,0,3.000,258.120,261.120,0.037,431,13.130,2.463,0,0.770,2.272,0.123,0.759,0.452,4.776,6.668,3.160,4.877,0.870
Track_432,432,2,0,0,0,0,0,0.060,257.640,257.700,0.069,432,13.122,2.415,0,1.151,1.151,1.151,1.151,NaN,4.507,4.942,4.071,4.942,0.436
Track_433,433,3,0,0,0,0,0,0.120,260.460,260.580,0.070,433,18.114,6.813,0,1.286,1.714,0.858,1.714,0.605,3.961,4.498,3.096,4.288,0.617
Track_434,434,6,1,1,0,0,0,0.360,264.600,264.960,0.082,434,16.554,15.461,0,1.359,2.054,0.612,1.461,0.524,3.846,5.483,3.019,3.874,0.818
Track_435,435,2,0,0,0,0,0,0.060,265.020,265.080,0.195,435,18.160,6.741,0,3.245,3.245,3.245,3.245,NaN,3.384,3.634,3.134,3.634,0.250
Track_436,436,2,0,0,0,0,0,0.060,265.260,265.320,0.045,436,16.601,15.462,0,0.750,0.750,0.750,0.750,NaN,3.217,3.328,3.106,3.328,0.111
Track_437,437,2,0,0,0,0,0,0.060,265.860,265.920,0.051,437,18.193,6.762,0,0.856,0.856,0.856,0.856,NaN,4.822,5.475,4.170,5.475,0.653
Track_438,438,2,0,0,0,0,0,0.060,266.940,267.000,0.053,438,18.122,6.764,0,0.880,0.880,0.880,0.880,NaN,3.920,4.725,3.116,4.725,0.805
Track_439,439,5,0,0,0,0,0,0.240,271.140,271.380,0.048,439,13.607,5.931,0,0.852,1.255,0.540,1.028,0.347,3.745,4.087,3.544,3.724,0.201
Track_440,440,3,0,0,0,0,0,0.120,271.440,271.560,0.061,440,16.576,15.456,0,1.642,2.045,1.238,2.045,0.571,3.490,4.046,3.116,3.308,0.401
Track_441,441,2,0,0,0,0,0,0.060,271.620,271.680,0.011,441,13.614,5.923,0,0.192,0.192,0.192,0.192,NaN,3.868,4.005,3.730,4.005,0.138
Track_442,442,7,0,0,0,0,0,0.360,271.920,272.280,0.091,442,13.624,5.884,0,1.337,2.200,0.661,1.517,0.637,3.886,5.168,3.088,3.888,0.709
Track_443,443,15,3,1,0,0,0,1.020,272.400,273.420,0.105,443,13.607,5.919,0,0.979,1.960,0.303,0.865,0.530,3.980,5.719,3.015,3.808,0.802
Track_444,444,2,0,0,0,0,0,0.060,273.660,273.720,0.025,444,16.572,15.466,0,0.416,0.416,0.416,0.416,NaN,3.533,3.879,3.187,3.879,0.346
Track_445,445,8,1,1,0,0,0,0.480,273.780,274.260,0.099,445,13.636,5.905,0,0.590,1.268,0.260,0.529,0.334,3.930,4.552,3.068,3.953,0.482
Track_446,446,2,0,0,0,0,0,0.060,274.200,274.260,0.040,446,16.589,15.478,0,0.666,0.666,0.666,0.666,NaN,3.971,4.419,3.524,4.419,0.448
Track_447,447,2,0,0,0,0,0,0.060,270.900,270.960,0.077,447,13.604,5.956,0,1.278,1.278,1.278,1.278,NaN,3.416,3.608,3.223,3.608,0.193
Track_448,448,9,1,1,0,0,0,0.540,278.100,278.640,0.086,448,7.570,10.993,0,0.777,1.611,0.296,0.636,0.497,4.500,5.875,3.128,4.775,0.994
Track_449,449,9,0,0,0,0,0,0.480,278.940,279.420,0.058,449,7.561,11.003,0,0.718,1.102,0.180,0.788,0.264,5.748,6.422,5.134,5.770,0.483
Track_450,450,6,0,0,0,0,0,0.300,279.600,279.900,0.040,450,7.562,11.015,0,1.081,1.458,0.619,0.985,0.364,3.851,4.964,3.092,3.776,0.558
Track_451,451,8,1,1,0,0,0,0.480,280.140,280.620,0.025,451,7.548,11.014,0,1.055,2.479,0.505,0.907,0.683,4.214,4.865,3.799,4.218,0.326
Track_452,452,31,1,1,0,0,0,1.860,280.860,282.720,0.030,452,7.546,11.021,0,0.954,2.357,0.078,0.856,0.577,4.842,7.395,3.028,4.723,1.069
Track_453,453,2,0,0,0,0,0,0.060,282.960,283.020,0.055,453,15.070,7.436,0,0.923,0.923,0.923,0.923,NaN,3.350,3.415,3.286,3.415,0.065
Track_454,454,29,1,1,0,0,0,1.740,282.960,284.700,0.101,454,7.541,11.010,0,0.946,2.246,0.096,0.760,0.553,4.883,6.297,3.356,4.841,0.765
Track_455,455,2,0,0,0,0,0,0.060,285.180,285.240,0.074,455,7.551,11.062,0,1.235,1.235,1.235,1.235,NaN,4.460,4.760,4.160,4.760,0.300
Track_456,456,6,0,0,0,0,0,0.300,285.600,285.900,0.070,456,7.564,11.049,0,0.927,1.680,0.119,0.903,0.556,4.418,5.284,3.696,4.809,0.650
Track_457,457,13,0,0,0,0,0,0.720,285.660,286.380,0.093,457,13.741,5.820,0,1.194,2.335,0.427,1.174,0.526,4.678,7.119,3.456,4.582,0.892
Track_458,458,12,1,1,0,0,0,0.720,286.260,286.980,0.087,458,7.580,11.045,0,1.201,2.283,0.406,1.120,0.617,4.169,6.542,3.305,3.803,0.947
Track_459,459,2,0,0,0,0,0,0.060,286.560,286.620,0.027,459,13.768,5.829,0,0.453,0.453,0.453,0.453,NaN,7.481,7.854,7.109,7.854,0.373
Track_460,460,2,0,0,0,0,0,0.060,296.700,296.760,0.017,460,16.640,15.539,0,0.284,0.284,0.284,0.284,NaN,3.719,4.112,3.325,4.112,0.394
